title,story_type,priority,source
"Crown The King Survives a Classic to Claim the 2023 Crown",playoff_picture,1,"data/playoffs.json seasons[2023] Championship"
"The Five and Six Seeds Crash the Semifinal Party",playoff_elimination,2,"data/playoffs.json seasons[2023] Week 15 Quarterfinals"
"Week 13 Produces the Wildest Shootout in League History",record_watch,2,"data/matchups.json records.highestCombined"
"The Final Five: 2023's Top Finishers",power_rankings,3,"data/seasons.json seasons[2023] standings"
"Top Seed, Top Scorer, Champion",championship_contender,3,"data/seasons.json + data/playoffs.json seasons[2023]"
"Hall–Daley Rivalry Adds a Championship Chapter",rivalry,4,"data/matchups.json pairs[Jared Hall, JD Daley]"
"Transaction Desk: Archive Gap Preserved",transactions,5,"historical_2023.json transactions limitation"
"Manager Spotlight: Jared Hall Reaches Ring Number Two",manager_spotlight,4,"data/manager-profiles.json profiles[Jared Hall] through 2023"
"Next Chapter: Hall Turns One Crown Into a Repeat",next_week,5,"data/champion-notes.json + data/seasons.json 2024"
